0,Champagne Montaudon Brut
1,Chateau Oumsiyat Red Syrah 2015
2,Latitud 33 Cabernet Sauvignon 2018
3,Dark Horse The Original California Sauvignon Blanc 2018
4,Sovento Sauvignon Blanc 2018
5,Finca Ventura DOP Jumilla Monastrell 2018
6,Senorio de Ayud Cabernet Sauvignon Syrah 2018
7,Dark Horse The Original California Rose 2018
8,Senorio De Ayud Garnacha Syrah 2018
9,Dark Horse The Original Cabernet Sauvignon 2017
10,Latitud 33 Malbec 2018
11,Ropiteau Pinot Noir 2017
12,Papa Acorda Colheita Tinto 2018
13,Castelo dos Mouros Colheita Tinto 2017
14,San Ceteo Primitivo 2017
15,La Combe D Or Cabernet Sauvignon 2018
16,San Ceteo Turandot 2018
17,Espumante Fantinel Prosecco One  Only DOC Brut 2018
18,L Empreinte Merlot 2018
19,L  Empreinte Cabernet Sauvignon 2018
20,San Ceteo Sangiovese 2018
21,Fantinel Borgo Tesis Pinot Grigio Doc Friuli 2018
22,Bonne Esperance White
23,Bouquet Cabernet Sauvignon 2018
24,Fantinel Borgo Tesis Doc Grave Cabernet Sauvignon Friuli 2017
25,La Combe D Or Sauvignon Blanc 2018
26,Papa Acorda Colheita Branco 2018
27,Bouquet Merlot 2018
28,Miguel Torres Reserva Ancestral Blend 2015
29,Carpineto Dogajolo IGT Toscano Rosso 2017
30,La Chamiza Malbec 2018
31,Calyptra Vivendo Reserve Assemblage 2016
32,Canepa Reserva Famiglia Chardonnay 2018
33,Wanaco Merlot 2018
34,Champagne Veuve Clicquot Brut 1500 ml
35,Champagne Veuve Clicquot Rose Brut com Caixa Call
36,Champagne Veuve Clicquot Rose Brut com Couture Box
37,Champagne Moet  Chandon Imperial Rose Brut Magnum 15 L com Love Case
38,Champagne Moet  Chandon Imperial Rose Brut Magnum 15 L
39,Champagne Veuve Clicquot Rose Brut com Cake
40,Terrazas de los Andes Single Vineyard Petit Manseng 2015 375 ml
41,Champagne Moet  Chandon Ice Imperial DemiSec com TAG
42,Protos DO Ribera del Duero Tinto Fino 2017
43,Magnum Veuve Clicquot Brut Rose
44,Canepa Magnificum DO Valle del Maipo Cabernet Sauvignon 2016
45,Canepa Reserva Famiglia Carmenere 2018
46,Frei Brothers Reserve Cabernet Sauvignon 2016
47,Espumante Chevalier Blanc de Noirs Brut
48,Champagne Veuve Clicquot Vintage Brut 2008
49,Pueblo del Sol Reserva Chardonnay 2018
50,Frisante Salton Frizz Prosecco Demisec
51,Quinta de Pancas Grande Reserva 2015
52,Maison Bouachon Cotes Du Rhone Signargues Les Bariannes Aoc 2017
53,Fleur Du Cap Series Privee Cabernet Sauvignon 2016
54,Perez Cruz Limited Edition Cot Malbec 2017
55,Plaisir de Merle Petit Plaisir Red Blend 2016
56,Salton Desejo 2015
57,Louis M Martini Napa Valley Cabernet Sauvignon 2016
58,Lidio Carraro Faces do Brasil Chardonnay 2017
59,Casa Burmester Reserva DOC Douro Branco 2017
60,Maison Foucher Le Mont AOC Sancerre Rouge 2017
61,Barahonda DO Yecla Verdejo 2018
62,Urmeneta Merlot 2018
63,Perez Cruz Limited Edition Syrah 2017
64,Frei Brothers Reserve Russian River Pinot Noir 2016
65,Gallo Signature Series Russian River Valley Chardonnay 2016
66,Ghost Pines Winemakers Blend Red 2016
67,Pixide DO Ribera del Duero Tempranillo 2016
68,Carpineto Riserva DOCG Vino Nobile di Montepulciano 2015
69,Lievland Vineyards Cabernet Sauvignon 2017
70,Rantamplan DO Rueda Verdejo 2018
71,Lievland Vineyards Bush Vine Pinotage 2017
72,Torroxal DO Rias Baixas Albarino 2018
73,Lidio Carraro Singular Teroldego 2011
74,Baron Philippe de Rothschild La Beliere Rouge 2015
75,Espumante Salton Domenico Giornata 140
76,Terrazas de Los Andes Reserva Cabernet Sauvignon 2016
77,Pinhal da Torre Resiliente 2015
78,Pinhal da Torre Antagonista 2013
79,Pinhal da Torre Protagonista 2013
80,Cinco Elementos Roble DO Ribera del Duero Tempranillo 2016
81,Espumante Casa Perini Brut
82,Chateau Pilet AOC Bordeaux 2016
83,Espumante Casa Perini Moscatel
84,Chateau Roc de Boisseaux AOC SaintEmilion 2012
85,William Hill Central Coast Cabernet Sauvignon 2016
86,Domaines Henri Maire AOC Arbois Pinot Noir 2017
87,Baron Philippe de Rothschild Anderra Sauvignon Blanc 2017
88,Baron Philippe de Rothschild Anderra Carmenere 2017
89,Baron Philippe de Rothschild Anderra Cabernet Sauvignon 2017
90,Pueblo del Sol Seleccion de Barricas Gran Reserva 2015
91,Parlanchin DOCa Rioja 2017
92,Maison Bouachon La Tiare du Pape AOC ChateauneufduPape Blanc 2016
93,Fantinel Tenuta SantHelena Cabernet Sauvignon 2013
94,Fantinel Tenuta Sant Helena Merlot 2014
95,Witral Limited Edition Syrah 2016
96,Espumante Lidio Carraro Faces do Brasil Brut
97,Espumante Lidio Carraro Dadivas Brut
98,Espumante Lidio Carraro Faces do Brasil Rose Brut
99,Maison Bouachon La Tiare du Pape AOC ChateauneufduPape Rouge 2015
100,Espumante Lidio Carraro Dadivas Moscatel
101,Maison Bouachon Les Rabassieres AOC CotesduRhone Blanc 2017
102,Espumante Miolo Terranova Rose Brut
103,William Hill Napa Valley Cabernet Sauvignon 2014
104,Frei Brothers Reserve Chardonnay 2016
105,Ulysses Napa Valley 2014
106,Ropiteau Freres Premier Cru AOC PulignyMontrachet  Sous Le Puits Blanc 2016
107,Fleur Du Cap Laszlo 2015
108,Fleur du Cap Noble Late Haverst 2015 375 ml
109,Ropiteau Freres AOC Coteaux Bourguignons 2016
110,Vina Vilano Roble Tempranillo 2016
111,La Casica del Abuelo DO Alicante 2016
112,Chateau Lagrange AOC Pomerol 2011
113,Chateau La FleurPetrus AOC Pomerol 2006
114,Echo de LynchBages AOC Pauillac 2014
115,Chateau Palmer Alter Ego AOC Margaux 2010
116,Reserve de la Comtesse AOC Pauillac 2009
117,Esteban Martin DOP Carinena Crianza 2015
118,Othello Napa Valley 2012
119,Fantinel Eclisse La Roncaia IGT Venezia Giulia Branco 2016
120,Partridge Seleccion de Barricas Blend 2015
121,Domaine LOstal Cazes Grand Vin 2015
122,Vinedo de los Vientos Angels Cuvee Ripasso de Tannat 2013
123,Perez Cruz Limited Edition DO Valle del Maipo Cabernet Franc 2016
124,Natana Cuvee Blanche 2017
125,Natana Syrah 2017
126,Tormentoso Syrah 2016
127,Natana Cuvee Rouge 2017
128,Stave and Steele Pinotage 2017
129,Espumante BX AOC Cremant de Bordeaux Rose Brut
130,Tormentoso Cabernet Sauvignon 2016
131,Finca La Chamiza Martin Alsina Malbec 2014
132,Stave And Steele Cabernet Sauvignon 2017
133,Stave and Steele Merlot 2017
134,5 Oros Crianza DOCa Rioja 2014
135,Beni di Batasiolo DOCG Barolo 2014
136,5 Oros Vendimia Seleccionada DOCa Rioja 2016
137,Fleur du Cap Series Privee Pinotage 2016
138,La Veguilla DO Ribera del Duero Crianza 2014
139,La Veguilla 6 Meses em Barrica 2016
140,Chateau Maucaillou AOC Moulis 2012
141,Espumante Gran Legado Champenoise Vale dos Vinhedos Rose Brut
142,Terra dUro DO Toro Verdejo 2017
143,Espumante Gran Legado Champenoise Vale dos Vinhedos Brut
144,Domaine de Cibadies Bellevue Pinot Noir 2016
145,Marianne Selena Blend 2015
146,Chateau La FleurPetrus 2014
147,Chateau Pichon Baron au Baron de PichonLongueville 2012
148,Chateau LynchBages 2015
149,Chateau Latour 2011
150,Chateau Roylland 2012
151,Domaine de Baronarques Blanc 2016
152,Chateau Palmer 2005
153,Cos dEstournel 2012
154,Domaine de Baronarques 2015
155,Chateau Angelus 2015
156,Chateau de Beaucastel Hommage a Jacques Perrin 2010
157,Chateau Margaux 2014
158,Carillon dAngelus 2015
159,Opus One 2013
160,Chateau Clinet AOC Pomerol 2013
161,Pagodes de Cos 2015
162,Pavillon Rouge du Chateau Margaux  2010
163,Chateau Ausone 2012
164,La Capitelle de Baronarques 2015
165,Chateau Pey de Pont Cru Bourgeois AOC Medoc 2014
166,LEsprit de Chevalier Blanc 2014
167,Cantine Pellegrino Nes DOP Passito di Pantelleria 2016 500 ml
168,Champagne Jacquart  Blancs de Blancs Brut 2012
169,Fleur du Cap Laszlo 2014
170,Sardelli DOCG Chianti 2016
171,La Mora DOC Maremma Toscana Rosso 2015
172,Mas dels Mets DO Montsant 2016
173,Marianne Floreal 2015
174,Miguel Torres Reserva De Pueblo Pais 2016
175,Miguel Torres Dias de Verano Reserva Muscat 2017
176,Tenuta SantAntonio La Bandina DOC Valpolicella Superiore 2013
177,Champagne Devaux D Aged 5 Years Rose Brut
178,Champagne Devaux Ultra D Aged 5 Years Extra Brut
179,Bodegas Alceno Calana DO Jumilla Red Blend 2016
180,Michel Lynch AOC Bordeaux Rose 2016
181,Miguel Torres Hemisferio Sur Reserva Cabernet Sauvignon 2016
182,Maison Bouachon Prince De Monvert AOC Cote Rotie 2015
183,Perez Cruz GSM DO Valle del Maipo Andes 2016
184,Dominus Estate Napa Valley 2012
185,Veuve Clicquot Rich 750 Ml
186,Moet Ice Imperial Rose 750 Ml
187,Champagne Dom Ruinart Rose Brut 1998 Com Estojo
188,Quinta De Sao Joao DOC Tejo Reserva 2015
189,Ropiteau Freres Macon Villages Blanc 2015
190,Rigal Les Terrasses AOC Cahors Malbec 2015
191,Espumante Chandon Excellence Cuvee Prestige Rose Brut
192,Espumante Jeroboam Chandon Reserve Brut 3 L
193,Porto Burmester 30 years Old Tawny
194,Beni di Batasiolo Muscatel Tardi DOC Piemonte Moscato Passito 2011 375 ml
195,Lidio Carraro Grande Vindima Tannat 2010
196,Domaine Lostal Cazes White 2014
197,Champagne Veuve Clicquot Vintage Rose 2004
198,Espumante Batasiolo Metodo Classico Extra Brut
199,Maison Bouachon Condrieu  Les Tourrays Blanc Aoc 2013
200,Chateau Gazin 2009
201,Cos DEstournel 2008
202,Chateau HautBrion 2007
203,Chateau HautBrion Le Clarence de HautBrion 2010
204,Chateau Mouton Rothschild Premier Grand Cru Classe AOC Pauillac 2008
205,Chateau Margaux Premier Grand Cru Classe AOC Margaux 2008
206,Le Petit Mouton 2010
207,Chateau Latour A Pomerol AOC Pomerol 2004
208,Chateau Hosanna AOC Pomerol 2006
209,LHospitalet De Gazin 2010
210,Espumante Real De Aragon DO Cava Brut
211,Marsala Vergine Soleras Dop
212,Espumante Gran Legado Moscatel
213,Tokaji Pajzos Icewine 2003 375 ml
214,Espumante Gran Legado Brut Charmat Rose
215,Espumante Salton Demi Sec
216,Espumante Salton Reserva Ouro
217,Espumante Salton Moscatel
218,Espumante Salton Brut
219,Espumante Salton Evidence
220,Vinedo De Los Vientos Alcyone Tannat Dessert Wine 500 ml
221,Champagne Jacquart Mosaique Brut
222,Mini Champagne Moet  Chandon Brut Imperial 200 Ml
223,Champagne Dom Ruinart 1998
224,Champagne Krug Rose Extra Brut
225,Champagne Krug Grande Cuvee Brut
226,Champagne Ruinart Blanc de Blancs Brut
227,Champagne Veuve Clicquot DemiSec
228,Champagne Dom Perignon Oenotheque 1975
229,Champagne Veuve Clicquot Rose Brut com Cartucho
230,Champagne Moet  Chandon Nectar Imperial
231,Pinhal Da Torre Special DOC Tejo 2008
232,Finca La Chamiza Chardonnay 2018
233,Chateau lEsparrou Intense IGP Pays dOc Rouge 2018
234,Espumante Marques de Marialva Reserva DOC Bairrada Bical Arinto 2014
235,Palafitos de Mar Semi Sweet Rose Cabernet SauvignonSyrah 2019
236,Chateau LEsparrou Intense IGP Pays dOc Rose 2018
237,Calyptra Assemblage Gran Reserva 2014
238,Latitud 33 Syrah 2018
239,Malizia
240,Palafitos de Mar Semi Sweet Sauvignon Blanc 2019
241,Navegar Sin Mar Cabernet Sauvignon 2019
242,Vinedo de los Vientos Angels Cuvee Ripasso de Tannat 2015
243,Quinta de Sao Joao DOC Tejo Reserva 2017
244,Vinedo de Los Vientos Eolo Gran Reserva 2014
245,Finca Constancia Parcela 52 Single Vineyard Verdejo 2018
246,Finca Constancia Seleccion 2016
247,Montado Tinto 2018
248,Maison Foucher Le Champ Vallin AOC Touraine 2018
249,Quinta do Alqueve DOC Tejo Colheita 2017
250,Bobal Desanjuan DOP UtielRequena Rose 2018
251,Senorio de Aldaz Crianza DO Navarra 2016
252,Partridge Seleccion De Barricas Ancellotta 2015
253,Senorio de Aldaz Roble DO Navarra 2016
254,Beni di Batasiolo Riserva DOCG Barolo 2010
255,Pinhal da Torre 2 Worlds White 2015
256,Artefacto Branco 2018
257,Urmeneta Cabernet Sauvignon 2019
258,Canepa Novisimo Carmenere 2019
259,Terrazas de los Andes Reserva Malbec 2017 375 ml
260,Canepa Reserva Famiglia Syrah 2018
261,Cap Insula 2017
262,Pueblo del Sol Roble Cabernet Sauvignon 2018
263,Casillero del Diablo Cabernet SauvignonMerlot 2018
264,Casillero del Diablo Cabernet SauvignonMalbec 2018
265,Casillero del Diablo Cabernet SauvignonCarmenere 2018
266,Terrazas Reserva Chardonnay 2018
267,Terrazas de Los Andes Single Vineyard Malbec 2015
268,Terrazas de Los Andes Reserva Syrah 2017
269,Casillero del Diablo Carmenere 2018
270,Casillero del Diablo Cabernet Sauvignon 2018
271,Lidio Carraro Elos Cabernet Sauvignon Malbec 2013
272,Espumante Chandon Reserve Brut Edicao Limitada Celebracoes
273,Faces de Chile Cabernet Sauvignon 2019
274,Sinais Sauvignon Blanc 2019
275,Faces de Chile Sauvignon Blanc 2019
276,Espumante Don Guerino Rose Brut 2019
277,WineBox Tudo de Bom
278,WineBox Maravilhosos
279,Espumante Don Guerino Brut 2019
280,Sinais Cabernet Sauvignon 2018
281,Espumante Faces do Brasil Moscatel
282,Sinais Malbec Rose 2019
283,Casa Perini Solidario Cabernet Sauvignon Merlot 2018
284,Giaretta Ancellotta 2019
285,Espumante Casa Perini Ice Rose
286,Giaretta Cabernet Sauvignon 2018
287,Espumante Casa Perini Nature
288,Giaretta Merlot 2018
289,Habitat Alta Gama  Lote 4
290,Giaretta Tannat 2019
291,Salton Talento 2015
292,WineBox Vinedo De Los Vientos Tannat
293,Quinta de Sao Joao Cuvee RB Branco 2017
294,Passion Arte DO Jumilla Garnacha 2018
295,WineBox Calyptra Prestige
296,Chateau lEsparrou Intense IGP Pays dOc Blanc 2018
297,Passion Arte DO Jumilla Monastrell 2018
298,Calyptra Prestige 2015
299,Espumante Salton Prosecco Brut
300,Farizoa 3 Castas tinto 2018
301,Serras De Azeitao Selecao Do Enologo Tinto 2018
302,Oxford Landing Estates Sauvignon Blanc 2017
303,Pueblo Del Sol Roble Tannat 2018
304,Frisante Porta Soprana DOC Lambrusco Grasparossa di Castelvetro Amabile Suave
305,WineBox Chandon Edicao Limitada Celebracoes
306,Casa Perini Chardonnay 2019
307,WineBox Sextou
308,Espumante Casa Perini Tradicional
309,Champagne Moet  Chandon Imperial Rose Brut com Black Tie Suit
310,Espumante Magnum Chandon Rose Brut 15 L
311,Espumante Salton Brut Rose
312,Frisante Miolo Moscatel Blanc
313,Frisante Miolo Moscatel Rose
314,WineBox Churrasco
315,WineBox Piscina
316,Maison Bouachon Les Rabassieres Vieilles AOC CotesDuRhone 2016
317,WineBox Queridinhos
318,Beaupont
319,Stave and Steele White 2018
320,Toro Loco Reserva DO UtielRequena 2015
321,Teorema DO Calatayud Garnacha 2016
322,Calyptra Vivendo Reserve Sauvignon Blanc 2018
323,WineBox So Tinto So Top
324,Protos Roble DO Ribeira Del Duero 15L 2017
325,WineBox 100 Maravilha
326,La Mora DOCG Morellino di Scansano 2018
327,Garriguette Branco
328,Beni di Batasiolo Sovrana DOC Barbera d Alba 2014
329,Espumante Casa Perini Aquarela Moscatel Rose
330,Champagne Moet  Chandon Imperial Brut 375 ml
331,Champagne Devaux Cuvee D Aged 5 Years Brut
332,Champagne Jacquart Brut Rose Mosaique
333,Champagne Jacquart Rose Brut
334,Beni di Batasiolo DOCG Barbaresco 2016
335,Chateau de Pierreux La Reserve AOC Brouilly 2014
336,Sovento Tempranillo 2018
337,Maycas del Limari Reserva Especial Syrah 2016
338,Espumante Gran Legado Brut
339,WineBox Tintos para Celebrar
340,V9 Gran Reserva Single Vineyard Carmenere 2017
341,Genio Espanol 12 Meses en Barrica DOP Jumilla Monastrell 2015
342,Pinhal da Torre Late Harvest Tardio 2010 500 ml
343,Durbanville Hills First Fill New Oak 2015
344,Sovento Cabernet Sauvignon 2018
345,Urmeneta Reserva Carmenere 2017
346,Urmeneta Reserva Cabernet Sauvignon 2018
347,Salentein Killka Malbec 2018
348,Salentein Killka Blend 2018
349,Salentein Killka Cabernet Sauvignon 2018
350,LOstal Cazes Eclipse Syrah 2017
351,A Galet Blanco
352,Genio Espanol Roble DOP Jumilla Monastrell 2016
353,Salentein Killka Sauvignon Blanc 2019
354,Fortant de France Terroir dAltitude Syrah 2017
355,Altos del Plata Malbec 2018
356,Altos del Plata Cabernet Sauvignon 2018
357,Altivo Vineyard Selection Chardonnay 2018
358,WineBox Os Refrescantes
359,Salentein Killka Chardonnay 2019
360,Baron Philippe de Rothschild Cadet dOc Pinot Noir 2017
361,Baron Philippe de Rothschild Cadet dOc Chardonnay 2017
362,Baron Philippe de Rothschild Cadet dOc Cabernet Sauvignon 2017
363,Vina Pelequen Cabernet SauvignonCarmenere Syrah 2018
364,Baron Philippe de Rothschild Mas Andes Carmenere 2018
365,Costa Lusa Reserva Tinto 2017
366,Infame Reserva Red Blend 2018
367,Toro Loco Crianza 2015
368,Lidio Carraro Agnus Cabernet Sauvignon 2018
369,Casa Perini Fracao Unica Merlot 2016
370,Dadivas Merlot Cabernet Sauvignon 2018
371,Roureda Levante DO Tarragona 2017
372,Dancing Flame Ojos del Salado Merlot 2018
373,Casa Perini Cabernet Sauvignon 2018
374,WineBox Singulares
375,Bridlewood Monterey County Chardonnay 2016
376,Bridlewood Monterey County Pinot Noir 2015
377,Casa Perini Rose 2019
378,Bridlewood Paso Robles Cabernet Sauvignon 2017
379,Chateau de Fayolle Rouge 2016
380,Canepa Finisimo Gran Reserva Cabernet Sauvignon 2018
381,Chateau Capitoul Oros AOC La Clape Blanc 2016
382,Chateau Oumsiyat Red Jaspe 2014
383,Casa Perini Fracao Unica Cabernet Sauvignon 2016
384,Espumante Chandon Riche DemiSec
385,Chateau Moser XV Cabernet Sauvignon 2017
386,Cruz Andina Reserva DO Casablanca Valley Sauvignon Blanc 2017
387,El Bautismo Blend de Tintas 2018
388,Espumante Espace of Limari Brut
389,Maison Foucher Le Point du Jour AOC Rose dAnjou 2018
390,Finca Constancia Parcela 12 Graciano 2016
391,Espumante Chandon Reserve Brut 375 ml
392,Corello IGP Puglia Negroamaro 2018
393,The Applicant Cabernet SauvignonMerlot 2018
394,Ti Rita Colheita 2018
395,Quattro Elementos Syrah 2018
396,WineBox Lancamentos 10
397,Frisante Porta Soprana DOC Lambrusco Salamino di Santa Croce Tinto Amabile Suave
398,Marques De Somera Tempranillo 2018
399,Chateau de Fayolle Blanc 2016
400,Vale da Coruja RL Tinto 2016
401,Espumante Casa Perini Ice DemiSec
402,San Ceteo Tosca
403,Chateau Jalousie AOC Bordeaux Superieur 2016
404,Espumante Casa Perini Rose Brut
405,Canepa Novisimo Merlot 2018
406,Espumante Chandon Rose Brut
407,Espumante Castell de Sant Pau DO Cava Nature
408,Bouquet Sauvignon 2018
409,Calyptra Vivendo Reserve DO Alto Cachapoal V C 2018
410,Espumante Fantinel One  Only Rose Brut 2018
411,Espumante Partridge Stars Brut
412,WineBox Velho Mundo
413,Espumante J Raventos Roig DO Cava Brut
414,Espumante Louis Bouillot Blanc De Noirs Brut
415,Espumante Fantinel DOC Prosecco Extra Dry
416,Infame Reserva Carmenere 2018
417,WineBox Altivo
418,Espumante Veuve DArgent Blanc De Blancs Brut
419,WineBox Dia a Dia
420,Beni di Batasiolo Sovrana DOC Barbera dAlba 2017
421,WineBox Veuve DArgent Blanc De Blancs Brut  Tacas
422,Domaines Henri Maire AOC Arbois Trousseau 2017
423,WineBox Veuve DArgent Brut
424,Seremos Cabernet Sauvignon 2018
425,WineBox Os 4 Poderosos
426,Canepa Novisimo Merlot 2019
427,N 3 dAngelus 2014
428,Almaviva EPU 2016 375 ml
429,Almaviva EPU 2015 375 ml
430,Miguel Torres Noches de Verano Reserva Pais 2016
431,Tenuta SantAntonio Fontana DOC Soave 2018
432,Alqueve Tinto 2017
433,Champagne La Grande Dame 2008
434,Calyptra Vivendo Reserve Rose 2018
435,Latitud 33 Mendoza Chardonnay 2019
436,Terrazas de los Andes Reserva Torrontes 2018
437,WineBox Root1
438,WineBox Burmerster
439,WineBox Veuve DArgent Edition Ice Blanc  Tacas
440,Espumante Veuve D
441,Torre Matilde Molin Novo IGT Toscana Rosso 2015
442,Altivo Vineyard Selection Cabernet Sauvignon 2017
443,Perez Cruz Single Vineyard La Higuera Block 2017
444,WineBox Miguel Torres Hemisferio Sur
445,Alvarez de Toledo Roble DO Bierzo Mencia 2013
446,WineBox Agradaveis
447,La Chamiza Reserve Polo Profesional Cabernet Sauvignon 2017
448,La Chamiza Reserve Polo Profesional Malbec 2017
449,WineBox Dia a Dia
450,WineBox Maison Bouachon Les Rabassieres
451,Dark Horse The Original Chardonnay 2017
452,WineBox Beaupont
453,La Combe D Or Chardonnay 2018
454,Sutil Limited Release Valle de Colchagua Carmenere 2017
455,Chateau La Mission AOC LalandedePomerol 2011
456,Champagne La Grande Dame Rose 2004
457,Sutil Limited Release Valle de Maipo Cabernet Sauvignon 2017
458,Calyptra Gran Reserva Cabernet Sauvignon 2015
459,Vinedo de Los Vientos Arneis Chardonnay 2016
460,Burmester DOC Douro Tinto 2016
461,Famille JM Cazes AOC SaintEstephe 2015
462,Quinta de Pancas Tinto 2016
463,Esteban Martin Reserva DOP Carinena 2014
464,Ropiteau Freres Bourgogne HautesCotes de Nuits 2014
465,Ropiteau Freres AOC Meursault Blanc 2015
466,Quinta De Pancas Branco 2017
467,Root 1 Casablanca Valley Pinot Noir 2018
468,Chateau Vieux Dominique Reserve AOC Bordeaux Superieur 2013
469,Burmester DOC Douro Branco 2017
470,La Mora DOC Maremma Toscana Merlot 2015
471,Barahonda SinMadera Monastrell 2016
472,Barahonda Campo Arriba Old Vines 2015
473,Artefacto Tinto 2017
474,JimenezLandi Bajondillo DO Mentrida 2017
475,Barahonda Barrica Monastrell Syrah 2015
476,Root 1 Reserva Heritage Red 2018
477,Chateau Langlet AOC Graves Blanc 2015
478,Nederburg 56 Hundred Pinot Grigio 2018
479,Olivier Sumeire Le Rose De S IGP Mediterranee Rose 2018
480,Nederburg 56 Hundred Sauvignon Blanc 2018
481,Ropiteau Freres NuitsStGeorges Rouge 2014
482,Ropiteau Freres AOC GevreyChambertin Rouge 2014
483,Que Guapo Malbec Blend 2017
484,Batasiolo Sunsi Bianco Langhe DOC 2018
485,Pauillac De LynchBages 2015
486,Canepa Famiglia Reserva Cabernet Sauvignon 2017
487,Dark Horse The Original California Pinot Noir 2017
488,Alonso Lopez DOCa Rioja Blanco Malvasia Viura 2018
489,Enclos du Wine Hunter Bordeaux Superieur 2018
490,JeanPierre Moueix AOC Pomerol 2015
491,Chateau Moser XV Blanc de Noir 2018
492,Changyu Reserve Noble Dragon Blanc 2017
493,Chateau PuyBlanquet AOC SaintEmilion Grand Cru 2011
494,Frisante Porta Soprana DOC Lambrusco di Sorbara Tinto Meio Seco
495,Canepa Finisimo Gran Reserva Carmenere 2018
496,Changyu Reserve Noble Dragon Red 2016
497,Toro Loco Reserva Barricas DO UtielRequena 2014
498,Nederburg 56 Hundred Pinot Noir 2017
499,Protos DO Rueda Verdejo 2018
500,Fortant de France Terroir Littoral Cabernet Sauvignon 2017
501,Navaldar DOCa Rioja Blanco 2017
502,Pavillon Saint Pierre Reserve 2016
503,Boissy  Delaygue Lou Pontias AOC Cotes du Rhone 2016
504,Partridge Gran Reserva Mendoza Bonarda 2015
505,Enclos du Wine Hunter AOC Bordeaux Rouge 2018
506,Fortant de France Terroir Littoral Sauvignon Blanc 2018
507,Fortant de France Terroir Littoral Grenache Rose 2018
508,Fleur du Cap Essence du Cap Shiraz 2016
509,Enclos du Wine Hunter AOC Bordeaux Rose 2018
510,Fantinel Refosco Borgo Tesis DOC Grave 2015
511,Espumante Real De Aragon DO Cava Rose Brut
512,Quinta de Sao Joao Cuvee RB Tinto 2017
513,Fantinel Friulano Borgo Tesis Doc Friuli Branco 2017
514,Fleur du Cap Essence du Cap Chenin Blanc 2017
515,Montado Branco 2018
516,Casas del Toqui Coastal Series Reserva Sauvignon Blanc 2017
517,Finca La Daniela Cabernet Sauvignon 2017
518,Familia Barberis Cabernet Sauvignon 2017
519,Pionero Mundi DO Rias Baixas Albarino 2017
520,Encostas de Estremoz Grande Escolha 2014
521,Roques Mauriac AOC Bordeaux 2017
522,CentAre IGP Terre Siciliane Nero dAvola 2015
523,Chateau Fongaban 2016
524,Sagrado DOC Douro Rose 2016
525,Ropiteau Freres AOC PulignyMontrachet Blanc 2016
526,Tintorera DOP Alicante Bouschet Monastrell 2016
527,Root 1 Sauvignon Blanc 2018
528,Bon Mas DOQ Priorat 2017
529,Partridge Gran Reserva Pinot Noir 2016
530,Reclos de La Couronne 2014
531,Canepa Novisimo Syrah 2018
532,Casa Burmester Reserva DOC Douro Tinto 2016
533,Chateau Capitoul Oros AOC La Clape Rouge 2016
534,Les Tours de La Riviere AOC Fronsac 2016
535,Fleur du Cap Essence du Cap Pinotage 2016
536,Vinedo de los Vientos Anarkia Tannat 2017
537,Taca de Cristal Borgonha Schott Zwiesel Ivento 783 ml
538,Dark Horse The Original Pinot Grigio 2017
539,Mise de la Baronnie AOC Pauillac 2015
540,Altivo Classic Cabernet Sauvignon 2018
541,Vinedo de los Vientos Tannat 2016
542,Tenuta SantAntonio Scaia Bianco 2017
543,Espumante Chandon Excellence Cuvee Prestige Brut
544,Altivo Classic Tempranillo 2018
545,Protos Rose 2017
546,Val delle Rose Aurelio DOC Maremma Toscana 2016
547,Tenuta SantAntonio dei Gigli DOCG Amarone della Valpolicella 2013
548,Las Mercedes Remix 2017
549,Champagne Veuve Clicquot Brut
550,Godello Luna Beberide Bierzo DO Branco 2017
551,Carnivor Zinfandel 2017
552,Chant du Coq Selection Jean Vincent Bideau 2016
553,Champagne Moet  Chandon Imperial Brut
554,VIK 2012
555,Oxford Landing Cabernet Shiraz 2016
556,Oxford Landing Shiraz 2017
557,Nederburg 56 Hundred Pinotage 2018
558,Vinedo de los Vientos Estival 2018
559,Oxford Landing Estates Pinot Grigio 2018
560,Champagne Montaudon Brut Magnum
561,Pueblo Del Sol Reserva Viognier 2018
562,Nederburg 56 Hundred Chenin Blanc 2018
563,Espumante Louis Bouillot Rose Brut
564,Alqueve Branco 2017
565,Champagne Montaudon 375ml
566,Domaine de Cibadies Le Jardin Chardonnay 2016
567,Finca Traversa Tannat 2018
568,Finca Ventura DOP Jumilla Garnacha 2018
569,WineBox Infame
570,Infame Reserva Sauvignon Blanc 2018
571,Infame Reserva Cabernet Sauvignon 2017
572,WineBox Versateis
573,Lucky you Cabernet 2018
574,Las Torres Reserva Cabernet Sauvignon 2016
575,Garriguette Tinto
576,Fortant de France Terroir dAltitude Cabernet Sauvignon 2016
577,It s Wine O Clock Cabernet 2018
578,Kinast K Barrel Reserva Chardonnay 2018
579,Pueblo del Sol Crianza en Roble Petit Verdot 2017
580,WineBox Vem que e Sucesso
581,WineBox Surpreendentes
582,Lidio Carraro Faces do Brasil Pinot Noir Rose 2018
583,Lidio Carraro Faces do Brasil Merlot 2017
584,V9 Gran Reserva Single Vineyard Cabernet Sauvignon 2017
585,WineBox America do Sul
586,Tenuta SantAntonio Valpolicella Superiore Ripasso Monti Garbi 2015
587,Vina Carrasco Chardonnay 2018
588,Vina Carrasco Cabernet Sauvignon 2018
589,WineBox Belo Encontro
590,Quinta do Cardo DOC Beira Interior Siria Branco 2017
591,Quattro Elementos Cabernet Sauvignon 2018
592,Quattro Elementos Merlot 2018
593,WineBox Encontro Marcado
594,WineBox Europa x America do Sul
595,Nederburg 56 Hundred Merlot 2018
596,Que Guapo Branco 2018
597,Sovento Chardonnay 2018
598,Sovento Merlot 2018
599,Sovento Syrah 2018
600,W Explorer Series Maison Bouachon AOC CotesduRhone 2015
601,Vinedo de Los Vientos Catarsis 2016
602,WineBox China
603,Zenithwirl Cabernet Sauvignon 2018
604,Vina Carrasco Sauvignon Blanc 2018
605,Zenithwirl Cabernet Gernischt 2018
606,Vina Carrasco Merlot 2018
607,Vina Carrasco Pinot Noir 2018
608,WineBox Pedro Teixeira
609,Almaviva EPU 2016
610,WineBox Almaviva Epu 2016
611,Espumante Jeroboam Chandon Rose Brut 3 L
612,Perez Cruz Reserva DO Valle del Maipo Cabernet Sauvignon 2016
613,Apothic Dark 2016
614,Apothic Crush 2016
615,Chateau de La Riviere AOC Fronsac 2016
616,Chateau de La Riviere AOC Fronsac 2006
617,Altos de Jose Ignacio Reserva Tannat 2017
618,Periquita Tinto 2017
619,Fortant de France Reserve des Grands Monts Carignan 2014
620,Campo Al Moro 2016
621,WineBox Dark Horse Rose Bubbles Lata
622,Dark Horse Rose Bubbles Lata 375ml
623,Esquinas de Argento Viognier 2019
624,Esquinas de Argento Pinot Grigio 2019
625,Santa Helena Reservado Cabernet Sauvignon 2018
626,Antigal Uno Cabernet Sauvignon 2015
627,Enclos du Wine Hunter AOC Bordeaux Blanc 2018
628,Carpineto Castaldo DOCG Chianti 2016
629,Tenuta SantAntonio Scaia Bianco 2018
630,WineBox Terralis
631,Terralis Syrah Malbec 2018
632,Terralis Cabernet Merlot 2018
633,WineBox Excelencia
634,Clos de Los Siete By Michel Rolland 2016
635,WineBox Os 4 Tintos 
636,Partridge Gran Reserva Mendoza Cabernet Sauvignon 2017
637,WineBox Perez Cruz
638,Navegar Sin Mar Malbec 2019
639,Perez Cruz Winemakers Selection 2017
640,Baron Philippe de Rothschild Cadet dOc Merlot 2017
641,Bobal deSanjuan Vinas Viejas DOP UtielRequena 2016
642,Dark Horse Sauvignon Blanc Lata 375ml
643,Its Wine OClock Carmenere 2018
644,WineBox Vik A 2016
645,Vik A 2016
646,Vina C F G Reserva V de C Cabernet Sauvigno 2017
647,Mosaiko 2015
648,WineBox Lancamentos 2
649,Ja Pias
650,Vina Carrasco Pinot Grigio 2019
651,Miguel Torres Hemisferio Sur Reserva Carmenere 2017
652,W Explorer Series Barahonda DO Yecla 2014
653,WineBox Dark Horse Brut Bubbles Lata
654,WineBox Dark Horse Bubbles Lata
655,Dark Horse Pinot Grigio Lata 375ml
656,Dark Horse Brut Bubbles Lata 375ml
657,Dark Horse Rose Lata 375ml
658,Alma De Blanco DO Monterrei Godello 2017
659,WineBox Finca Constancia
660,Cloudy Bay Pinot Noir 2014
661,Finca Constancia Parcela 23 Single Vineyard Tempranillo 2016
662,WineBox Classicos
663,La Piu Belle 2013
664,Vina Carrasco Carmenere 2018
665,WineBox Magnificos 
666,Marianne Selena Pinotage 2016
667,CentAre IGP Terre Siciliane Bianco 2017
668,WineBox Vinhos Brancos
669,Dancing Flame Ojos del Salado Shiraz 2018
670,WineBox O Grande Encontro
671,Turning Leaf Merlot
672,Calyptra Vivendo Reserve Rose 2017
673,N 11   Onze Anos Aniversario Cabernet Sauvignon 2017
674,Espumante Don Juan
675,Toro Loco DOP UtielRequena Tempranillo 2018 375 ml
676,Defesa do Esporao Rose 2016
677,WineBox Mamae eu Quero
678,WineBox Italianos
679,Porta Soprana Lambrusco IGP Emilia Rosso Amabile
680,WineBox Os Escolhidos
681,WineBox Partiu Praia
682,WineBox Marcante
683,Espumante Toro Loco DO Cava Brut
684,WineBox Adega Cheia
685,Celebracao Inesquecivel
686,Urmeneta Carmenere 2018
687,WineBox Franca
688,Finca Traversa Cabernet Sauvignon 2018
689,WineBox Mundo Tinto
690,Tradicao 2017
691,La Combe D Or Merlot 2018
692,Palafitos de Mar Semi Sweet Carmenere 2018
693,Bonne Esperance Red
694,WineBox Especiais
695,WineBox Lancamentos 8
696,WineBox Todos os Cantos do Mundo
697,WineBox Familia
698,Espumante Chandon Reserve Brut
699,WineBox Boas Escolhas
700,Dalera
701,WineBox Carnaval o Ano Todo
702,WineBox Sua Adega Merece
703,WineBox Juntos e Misturados
704,WineBox Casillero del Diablo
705,Casillero Reserva Limited Edition Cabernet Sauvignon
706,WineBox Paixao por Tintos
707,WineBox Lancamentos
708,Bear Flag Red Blend 2018
709,A Galet Tinto
710,Undurraga Sibaris Black Series Cinsault 2018
711,Undurraga Sibaris Black Series Blend 2017
712,Altivo Classic Mendoza Torrontes 2018
713,Calyptra Vivendo Reserve Pinot Noir 2016
714,Fortant de France Terroir dAltitude Viognier 2017
715,Casas Brancas Selection Branco 2018
716,Pedro Teixeira Colheita Selecionada Bairrada DOC 2018
717,Praca dos Marqueses Escolha IG Beira Atlantico 2018
718,Pajaro de Buen Aguero DOP Carinena G 2018
719,Cuatro Elementos Canelones Tannat Merlot Suave 2018
720,Espumante La Chamiza Brut
721,Lafken Artisan Wine Cabernet Sauvignon 2017
722,Lafken Artisan Wine Carmenere 2017
723,Artefacto Rose 2018
724,Portas da Herdade Reserva Tinto 2015
725,Quinta do Cardo DOC Beira Interior Tinto 2016
726,OGV Old Garnacha Vines DO Calatayud 2016
727,Mediterraneo 2017
728,Pajaro de Buen Aguero DOP Carinena Tempranillo 2018
729,WineBox Quinta de Sao Joao
730,Salton Campanha Marselan Tannat 2016
731,Juan Cristobal Malbec 2019
732,Espumante Baby Chandon Reserve Brut 187 ml
733,Dark Horse Pinot Noir Lata 375ml
734,Dancing Flame Rose Ojos del Salado 2018
735,WineBox Happy Hour
736,Carnivor Cabernet Sauvignon 2016
737,Toro Loco DOP UtielRequena Tinto Superior 2018
738,WineBox Quarteto Fantastico
739,WineBox 6 Unidades Toro Loco DOP UtielRequena
740,Enclos du Wine Hunter SaintEmilion Grand Cru 2017
741,WineBox Best Sellers 
742,WineBox Quarteto Eletrico
743,Tokaji Pajzos Aszu 6 Puttonyos 2013 500 ml
744,Urmeneta Chardonnay 2019
745,Louis M Martini Sonoma County Cabernet Sauvignon 2015
746,WineBox Mundo Europeu
