0,Gustativo
1,Gustativo
2,Gustativo
3,Gustativo
4,Gustativo
5,Gustativo
6,Gustativo
7,Gustativo
8,Gustativo
9,Gustativo
10,Gustativo
11,Gustativo
12,Gustativo
13,Gustativo
14,Gustativo
15,Gustativo
16,Gustativo
17,Gustativo
18,Gustativo
19,Gustativo
20,Gustativo
21,Gustativo
22,Gustativo
23,Gustativo
24,Gustativo
25,Gustativo
26,Gustativo
27,Gustativo
28,Gustativo
29,Gustativo
30,Gustativo
31,Gustativo
32,Gustativo
33,Gustativo
34,Gustativo
35,Gustativo
36,Gustativo
37,Gustativo
38,Gustativo
39,Gustativo
40,Gustativo
41,Gustativo
42,Gustativo
43,Gustativo
44,Gustativo
45,Gustativo
46,Gustativo
47,Gustativo
48,Gustativo
49,Gustativo
50,Gustativo
51,Gustativo
52,Gustativo
53,Gustativo
54,Gustativo
55,Gustativo
56,Gustativo
57,Gustativo
58,Gustativo
59,Gustativo
60,Gustativo
61,Gustativo
62,Gustativo
63,Gustativo
64,Gustativo
65,Gustativo
66,Gustativo
67,Gustativo
68,Gustativo
69,Gustativo
70,Gustativo
71,Gustativo
72,Gustativo
73,Gustativo
74,Gustativo
75,Gustativo
76,Gustativo
77,Gustativo
78,Gustativo
79,Gustativo
80,Gustativo
81,Gustativo
82,Gustativo
83,Gustativo
84,Gustativo
85,Gustativo
86,Gustativo
87,Gustativo
88,Gustativo
89,Gustativo
90,Gustativo
91,Gustativo
92,Gustativo
93,Gustativo
94,Gustativo
95,Gustativo
96,Gustativo
97,Gustativo
98,Gustativo
99,Gustativo
100,Gustativo
101,Gustativo
102,Gustativo
103,Gustativo
104,Gustativo
105,Gustativo
106,Gustativo
107,Gustativo
108,Gustativo
109,Gustativo
110,Gustativo
111,Gustativo
112,Gustativo
113,Gustativo
114,Gustativo
115,Gustativo
116,Gustativo
117,Gustativo
118,Gustativo
119,Gustativo
120,Gustativo
121,Gustativo
122,Gustativo
123,Gustativo
124,Gustativo
125,Gustativo
126,Gustativo
127,Gustativo
128,Gustativo
129,Gustativo
130,Gustativo
131,Gustativo
132,Gustativo
133,Gustativo
134,Gustativo
135,Gustativo
136,Gustativo
137,Gustativo
138,Gustativo
139,Gustativo
140,Gustativo
141,Gustativo
142,Gustativo
143,Gustativo
144,Gustativo
145,Gustativo
146,Gustativo
147,Gustativo
148,Gustativo
149,Gustativo
150,Gustativo
151,Gustativo
152,Gustativo
153,Gustativo
154,Gustativo
155,Gustativo
156,Gustativo
157,Gustativo
158,Gustativo
159,Gustativo
160,Gustativo
161,Gustativo
162,Gustativo
163,Gustativo
164,Gustativo
165,Gustativo
166,Gustativo
167,Gustativo
168,Gustativo
169,Gustativo
170,Gustativo
171,Gustativo
172,Gustativo
173,Gustativo
174,Gustativo
175,Gustativo
176,Gustativo
177,Gustativo
178,Gustativo
179,Gustativo
180,Gustativo
181,Gustativo
182,Gustativo
183,Gustativo
184,Gustativo
185,Gustativo
186,Gustativo
187,Gustativo
188,Gustativo
189,Gustativo
190,Gustativo
191,Gustativo
192,Gustativo
193,Gustativo
194,Gustativo
195,Gustativo
196,Gustativo
197,Gustativo
198,Gustativo
199,Gustativo
200,Gustativo
201,Gustativo
202,Gustativo
203,Gustativo
204,Gustativo
205,Gustativo
206,Gustativo
207,Gustativo
208,Gustativo
209,Gustativo
210,Gustativo
211,Gustativo
212,Gustativo
213,Gustativo
214,Gustativo
215,Gustativo
216,Gustativo
217,Gustativo
218,Gustativo
219,Gustativo
220,Gustativo
221,Gustativo
222,Gustativo
223,Gustativo
224,Gustativo
225,Gustativo
226,Gustativo
227,Gustativo
228,Gustativo
229,Gustativo
230,Gustativo
231,Gustativo
232,Gustativo
233,Gustativo
234,Gustativo
235,Gustativo
236,Gustativo
237,Gustativo
238,Gustativo
239,Gustativo
240,Gustativo
241,Gustativo
242,Gustativo
243,Gustativo
244,Gustativo
245,Gustativo
246,Gustativo
247,Gustativo
248,Gustativo
249,Gustativo
250,Gustativo
251,Gustativo
252,Gustativo
253,Gustativo
254,Gustativo
255,Gustativo
256,Gustativo
257,Gustativo
258,Gustativo
259,Gustativo
260,Gustativo
261,Gustativo
262,Gustativo
263,Gustativo
264,Gustativo
265,Gustativo
266,Gustativo
267,Gustativo
268,Descricao
269,Descricao
270,Gustativo
271,Gustativo
272,Gustativo
273,Gustativo
274,Gustativo
275,Gustativo
276,Gustativo
277,Gustativo
278,Gustativo
279,Gustativo
280,Gustativo
281,Gustativo
282,Gustativo
283,Gustativo
284,Gustativo
285,Descricao
286,Gustativo
287,Gustativo
288,Gustativo
289,Gustativo
290,Gustativo
291,Gustativo
292,Gustativo
293,Gustativo
294,Gustativo
295,Gustativo
296,Gustativo
297,Gustativo
298,Gustativo
299,Gustativo
300,Gustativo
301,Gustativo
302,Gustativo
303,Descricao
304,Gustativo
305,Gustativo
306,Gustativo
307,Gustativo
308,Gustativo
309,Descricao
310,Gustativo
311,Descricao
312,Gustativo
313,Gustativo
314,Gustativo
315,Gustativo
316,Gustativo
317,Gustativo
318,Gustativo
319,Gustativo
320,Gustativo
321,Gustativo
322,Gustativo
323,Gustativo
324,Gustativo
325,Descricao
326,Gustativo
327,Gustativo
328,Gustativo
329,Gustativo
330,Gustativo
331,Gustativo
332,Gustativo
333,Gustativo
334,Gustativo
335,Gustativo
336,Gustativo
337,Gustativo
338,Gustativo
339,Gustativo
340,Gustativo
341,Gustativo
342,Gustativo
343,Gustativo
344,Descricao
345,Gustativo
346,Gustativo
347,Gustativo
348,Gustativo
349,Gustativo
350,Gustativo
351,Gustativo
352,Gustativo
353,Gustativo
354,Gustativo
355,Gustativo
356,Gustativo
357,Gustativo
358,Gustativo
359,Gustativo
360,Gustativo
361,Gustativo
362,Gustativo
363,Gustativo
364,Gustativo
365,Gustativo
366,Gustativo
367,Gustativo
368,Gustativo
369,Gustativo
370,Gustativo
371,Gustativo
372,Gustativo
373,Gustativo
374,Gustativo
375,Gustativo
376,Gustativo
377,Gustativo
378,Gustativo
379,Gustativo
380,Gustativo
381,Gustativo
382,Gustativo
383,Gustativo
384,Gustativo
385,Gustativo
386,Gustativo
387,Gustativo
388,Gustativo
389,Gustativo
390,Gustativo
391,Gustativo
392,Gustativo
393,Gustativo
394,Gustativo
395,Gustativo
396,Descricao
397,Gustativo
398,Gustativo
399,Gustativo
400,Gustativo
401,Gustativo
402,Gustativo
403,Descricao
404,Gustativo
405,Descricao
406,Gustativo
407,Descricao
408,Gustativo
409,Gustativo
410,Gustativo
411,Gustativo
412,Gustativo
413,Gustativo
414,Gustativo
415,Gustativo
416,Gustativo
417,Gustativo
418,Gustativo
419,Descricao
420,Descricao
421,Gustativo
422,Gustativo
423,Gustativo
424,Gustativo
425,Descricao
426,Gustativo
427,Descricao
428,Gustativo
429,Gustativo
430,Descricao
431,Gustativo
432,Gustativo
433,Gustativo
434,Gustativo
435,Gustativo
436,Gustativo
437,Gustativo
438,Gustativo
439,Gustativo
440,Gustativo
441,Gustativo
442,Gustativo
443,Gustativo
444,Gustativo
445,Gustativo
446,Gustativo
447,Gustativo
448,Gustativo
449,Gustativo
450,Gustativo
451,Gustativo
452,Gustativo
453,Gustativo
454,Gustativo
455,Gustativo
456,Gustativo
457,Gustativo
458,Gustativo
459,Gustativo
460,Gustativo
461,Gustativo
462,Gustativo
463,Gustativo
464,Gustativo
465,Gustativo
466,Gustativo
467,Gustativo
468,Gustativo
469,Gustativo
470,Gustativo
471,Gustativo
472,Gustativo
473,Gustativo
474,Gustativo
475,Gustativo
476,Gustativo
477,Gustativo
478,Gustativo
479,Gustativo
480,Gustativo
481,Gustativo
482,Gustativo
483,Gustativo
484,Gustativo
485,Gustativo
486,Gustativo
487,Gustativo
488,Gustativo
489,Gustativo
490,Gustativo
491,Gustativo
492,Gustativo
493,Gustativo
494,Gustativo
495,Gustativo
496,Gustativo
497,Gustativo
498,Gustativo
499,Gustativo
500,Gustativo
501,Gustativo
502,Gustativo
503,Gustativo
504,Gustativo
505,Gustativo
506,Gustativo
507,Gustativo
508,Gustativo
509,Gustativo
510,Gustativo
511,Gustativo
512,Gustativo
513,Gustativo
514,Gustativo
515,Gustativo
516,Descricao
517,Gustativo
518,Gustativo
519,Gustativo
520,Gustativo
521,Gustativo
522,Gustativo
523,Gustativo
524,Gustativo
525,Gustativo
526,Gustativo
527,Gustativo
528,Gustativo
529,Gustativo
530,Gustativo
531,Gustativo
532,Gustativo
533,Gustativo
534,Gustativo
535,Gustativo
536,Gustativo
537,Gustativo
538,Gustativo
539,Gustativo
540,Gustativo
541,Gustativo
542,Gustativo
543,Gustativo
544,Gustativo
545,Gustativo
546,Gustativo
547,Gustativo
548,Gustativo
549,Gustativo
550,Descricao
551,Gustativo
552,Gustativo
553,Gustativo
554,Gustativo
555,Gustativo
556,Gustativo
557,Gustativo
558,Descricao
559,Gustativo
560,Gustativo
561,Gustativo
562,Descricao
563,Gustativo
564,Gustativo
565,Gustativo
566,Descricao
567,Gustativo
568,Gustativo
569,Gustativo
570,Descricao
571,Descricao
572,Gustativo
573,Gustativo
574,Gustativo
575,Gustativo
576,Gustativo
577,Gustativo
578,Gustativo
579,Gustativo
580,Gustativo
581,Gustativo
582,Gustativo
583,Gustativo
584,Gustativo
585,Gustativo
586,Gustativo
587,Gustativo
588,Gustativo
589,Gustativo
590,Gustativo
591,Gustativo
592,Gustativo
593,Gustativo
594,Gustativo
595,Descricao
596,Gustativo
597,Gustativo
598,Gustativo
599,Gustativo
600,Gustativo
601,Gustativo
602,Gustativo
603,Gustativo
604,Gustativo
605,Gustativo
606,Gustativo
607,Descricao
608,Gustativo
609,Gustativo
610,Gustativo
611,Gustativo
612,Gustativo
613,Gustativo
614,Gustativo
615,Descricao
616,Gustativo
617,Gustativo
618,Gustativo
619,Gustativo
620,Gustativo
621,Gustativo
622,Gustativo
623,Descricao
624,Descricao
625,Gustativo
626,Gustativo
627,Gustativo
628,Gustativo
629,Descricao
630,Gustativo
631,Gustativo
632,Descricao
633,Gustativo
634,Gustativo
635,Descricao
636,Gustativo
637,Gustativo
638,Gustativo
639,Descricao
640,Gustativo
641,Gustativo
642,Gustativo
643,Gustativo
644,Gustativo
645,Gustativo
646,Gustativo
647,Descricao
648,Gustativo
649,Descricao
650,Descricao
651,Gustativo
652,Gustativo
653,Descricao
654,Gustativo
655,Gustativo
656,Gustativo
657,Gustativo
658,Descricao
659,Descricao
660,Gustativo
661,Descricao
662,Gustativo
663,Descricao
664,Descricao
665,Descricao
666,Gustativo
667,Descricao
668,Gustativo
669,Gustativo
670,Gustativo
671,Gustativo
672,Gustativo
673,Gustativo
674,Gustativo
675,Gustativo
676,Gustativo
677,Gustativo
678,Gustativo
679,Gustativo
680,Gustativo
681,Gustativo
682,Gustativo
683,Gustativo
684,Gustativo
685,Gustativo
686,Gustativo
687,Gustativo
688,Gustativo
689,Descricao
690,Gustativo
691,Gustativo
692,Gustativo
693,Gustativo
694,Gustativo
695,Gustativo
696,Gustativo
697,Descricao
698,Descricao
699,Gustativo
700,Gustativo
701,Gustativo
702,Gustativo
703,Descricao
